row_id,date,order_id,waitress_id,item_name,item_price,item_quantity,item_total,items_total,order_tip,order_discount,order_total
1,1-May,163-1,3,Dinner Buffet,16.99,1,16.99,18.01,0,0,18.01
2,1-May,162-1,3,Dinner Buffet,16.99,1,16.99,18.01,1,0,19.01
3,1-May,161-1,3,Dinner Buffet,16.99,1,16.99,20.65,3,0,23.65
4,1-May,161-1,3,Soda,2.49,1,2.49,20.65,3,0,23.65
5,1-May,160-1,3,Dinner Buffet,16.99,2,33.98,41.3,0,0,41.3
6,1-May,160-1,3,Soda,2.49,2,4.98,41.3,0,0,41.3
7,1-May,159-1,4,Dinner Buffet,16.99,1,16.99,18.01,0,0,18.01
8,1-May,157-1,4,Dinner Buffet,16.99,1,16.99,20.65,5,0,25.65
9,1-May,157-1,4,Soda,2.49,1,2.49,20.65,5,0,25.65
10,1-May,155-1,3,Dinner Buffet,16.99,2,33.98,51.09,5.91,0,57
11,1-May,155-1,3,Dinner KID (3-5),6.75,1,6.75,51.09,5.91,0,57
12,1-May,155-1,3,Soda,2.49,3,7.47,51.09,5.91,0,57
13,1-May,153-1,4,Dinner Buffet,16.99,2,33.98,38.66,10,0,48.66
14,1-May,153-1,4,Soda,2.49,1,2.49,38.66,10,0,48.66
15,1-May,151-1,4,Dinner Buffet,16.99,1,16.99,18.01,0,0,18.01
16,1-May,150-1,4,Dinner Buffet,16.99,1,16.99,18.01,2,0,20.01
17,1-May,149-1,2,Dinner Buffet,16.99,5,84.95,81.56,16.44,8.49,89.51
18,1-May,148-1,4,Dinner Buffet,16.99,3,50.97,56.67,5,0,61.67
19,1-May,148-1,4,Soda,2.49,1,2.49,56.67,5,0,61.67
20,1-May,146-1,3,Dinner Buffet,16.99,1,16.99,20.65,5,0,25.65
21,1-May,146-1,3,Soda,2.49,1,2.49,20.65,5,0,25.65
22,1-May,144-1,2,Dinner Buffet,16.99,2,33.98,41.3,0,0,41.3
23,1-May,144-1,2,Soda,2.49,2,4.98,41.3,0,0,41.3
24,1-May,143-1,3,Dinner Buffet,16.99,2,33.98,36.02,0,0,36.02
25,1-May,142-1,3,Dinner Buffet,16.99,2,33.98,48.45,9,0,57.45
26,1-May,142-1,3,Dinner KID (3-5),6.75,1,6.75,48.45,9,0,57.45
27,1-May,142-1,3,Soda,2.49,2,4.98,48.45,9,0,57.45
28,1-May,140-1,4,Dinner Buffet,16.99,2,33.98,38.66,2,0,40.66
29,1-May,140-1,4,Soda,2.49,1,2.49,38.66,2,0,40.66
30,1-May,138-1,3,Dinner Buffet,16.99,2,33.98,38.66,7,0,45.66
31,1-May,138-1,3,Soda,2.49,1,2.49,38.66,7,0,45.66
32,1-May,137-1,4,Dinner Buffet,16.99,2,33.98,36.02,0,0,36.02
33,1-May,136-1,2,Dinner Buffet,16.99,2,33.98,38.66,0,0,38.66
34,1-May,136-1,2,Soda,2.49,1,2.49,38.66,0,0,38.66
35,1-May,135-1,3,Dinner Buffet,16.99,1,16.99,30.72,4.38,0,35.1
36,1-May,135-1,3,Dinner KID (6-8),9.5,1,9.5,30.72,4.38,0,35.1
37,1-May,135-1,3,Soda,2.49,1,2.49,30.71,4.38,0,35.09
38,1-May,134-1,4,Dinner Buffet,16.99,3,50.97,59.31,0,0,59.31
39,1-May,134-1,4,Soda,2.49,2,4.98,59.31,0,0,59.31
40,1-May,133-1,4,Dinner Buffet,16.99,4,67.96,82.6,0,0,82.6
41,1-May,133-1,4,Soda,2.49,4,9.96,82.6,0,0,82.6
42,1-May,132-1,2,Dinner Buffet,16.99,4,67.96,86.29,10,0,96.29
43,1-May,132-1,2,Dinner KID (9-11),13.45,1,13.45,86.29,10,0,96.29
44,1-May,132-2,2,Dinner Buffet,16.99,2,33.98,36.02,5,3.4,37.62
45,1-May,132-3,2,Dinner Buffet,16.99,3,50.97,54.03,15,1.7,67.33
46,1-May,131-1,3,Dinner Buffet,16.99,2,33.98,38.66,5.34,0,44
47,1-May,131-1,3,Soda,2.49,1,2.49,38.66,5.34,0,44
48,1-May,130-1,3,Dinner Buffet,16.99,1,16.99,20.65,0,1.7,18.95
49,1-May,130-1,3,Soda,2.49,1,2.49,20.65,0,1.7,18.95
50,1-May,129-1,3,Dinner Buffet,16.99,1,16.99,18.01,0,0,18.01
51,1-May,128-1,3,Dinner Buffet,16.99,1,16.99,20.65,5,1.7,23.95
52,1-May,128-1,3,Soda,2.49,1,2.49,20.65,5,1.7,23.95
53,1-May,127-1,3,Dinner Buffet,16.99,1,16.99,20.65,0,0,20.65
54,1-May,127-1,3,Soda,16.99,1,16.99,20.65,0,0,20.65
55,1-May,126-1,4,Dinner Buffet,16.99,1,16.99,20.65,5,0,25.65
56,1-May,126-1,4,Soda,2.49,1,2.49,20.65,5,0,25.65
57,1-May,124-1,3,Dinner Buffet,16.99,2,33.98,36.02,5,0,41.02
58,1-May,123-1,4,Dinner Buffet,16.99,2,33.98,36.02,4,0,40.02
59,1-May,122-1,2,Dinner Buffet,16.99,2,33.98,36.02,6,3.4,38.62
60,1-May,121-1,3,Dinner Buffet,16.99,2,33.98,41.3,0,0,41.3
61,1-May,121-1,3,Soda,2.49,2,4.98,41.3,0,0,41.3
62,1-May,120-1,3,Dinner Buffet,16.99,1,16.99,20.65,0,0,20.65
63,1-May,120-1,3,Soda,2.49,1,2.49,20.65,0,0,20.65
64,1-May,120-2,3,Dinner Buffet,16.99,1,16.99,18.01,0,0,18.01
65,1-May,118-1,2,Dinner Buffet,16.99,2,33.98,41.3,5,0,46.3
66,1-May,118-1,2,Soda,2.49,2,4.98,41.3,5,0,46.3
67,1-May,119-1,4,Dinner Buffet,16.99,2,33.98,38.66,20,0,58.66
68,1-May,119-1,4,Soda,2.49,1,2.49,38.66,20,0,58.66
69,1-May,117-2,2,Dinner Buffet,16.99,1,16.99,20.65,2,0,22.65
70,1-May,117-2,2,Soda,2.49,1,2.49,20.65,2,0,22.65
71,1-May,116-1,4,Dinner Buffet,16.99,2,33.98,38.66,7.29,0,45.95
72,1-May,116-1,4,Soda,2.49,1,2.49,38.66,7.29,0,45.95
73,1-May,115-1,2,Dinner Buffet,16.99,3,50.97,78.84,0,0,78.84
74,1-May,115-1,2,Dinner KID (9-11),13.45,1,13.45,78.84,0,0,78.84
75,1-May,115-1,2,Soda,2.49,4,9.96,78.84,0,0,78.84
76,1-May,114-1,3,Dinner Buffet,16.99,2,33.98,36.02,4,3.4,36.62
77,1-May,113-1,3,Dinner Buffet,16.99,1,16.99,20.65,0,0,20.65
78,1-May,113-1,3,Soda,2.49,1,2.49,20.65,0,0,20.65
79,1-May,112-1,4,Dinner Buffet,16.99,3,50.97,61.95,10,0,71.95
80,1-May,112-1,4,Soda,2.49,3,7.47,61.95,10,0,71.95
81,1-May,111-1,3,Dinner Buffet,16.99,3,50.97,59.31,0,5.1,54.21
82,1-May,111-1,3,Soda,2.49,2,4.98,59.31,0,5.1,54.21
83,1-May,109-1,2,Dinner Buffet,16.99,3,50.97,74.66,0.34,0,75
84,1-May,109-1,2,Dinner KID (6-8),9.5,1,9.5,74.66,0.34,0,75
85,1-May,109-1,2,Soda,2.49,4,9.96,74.66,0.34,0,75
86,1-May,108-1,4,Dinner Buffet,16.99,2,33.98,65.62,0,0,65.62
87,1-May,108-1,4,Dinner KID (9-11),13.45,1,13.45,65.62,0,0,65.62
88,1-May,108-1,4,Dinner KID (6-8),9.5,1,9.5,65.62,0,0,65.62
89,1-May,108-1,4,Soda,2.49,2,4.98,65.62,0,0,65.62
90,1-May,107-1,2,Dinner Buffet,16.99,1,16.99,20.65,4,0,24.65
91,1-May,107-1,2,Soda,2.49,1,2.49,20.65,4,0,24.65
92,1-May,103-1,4,Dinner Buffet,16.99,2,33.98,38.66,10,3.4,45.26
93,1-May,103-1,4,Soda,2.49,1,2.49,38.66,10,3.4,45.26
94,1-May,99-1,4,Dinner Buffet,16.99,2,33.98,41.3,5.84,0,47.14
95,1-May,99-1,4,Soda,2.49,2,4.98,41.3,5.84,0,47.14
96,1-May,97-1,3,Dinner Buffet,16.99,2,33.98,41.3,0,0,41.3
97,1-May,97-1,3,Soda,2.49,2,4.98,41.3,0,0,41.3
98,1-May,95-1,4,Dinner Buffet,16.99,2,33.98,38.66,5.47,0,44.13
99,1-May,95-1,4,Soda,2.49,1,2.49,38.66,5.47,0,44.13
100,1-May,93-1,2,Dinner Buffet,16.99,3,50.97,59.31,0,5.1,54.21
101,1-May,93-1,2,Soda,2.49,2,4.98,59.31,0,5.1,54.21
102,1-May,92-1,4,Dinner Buffet,16.99,2,33.98,38.66,5.47,3.4,40.73
103,1-May,92-1,4,Soda,2.49,1,2.49,38.66,5.47,3.4,40.73
104,1-May,91-1,3,Dinner Buffet,16.99,2,33.98,41.3,7,0,48.3
105,1-May,91-1,3,Soda,2.49,2,4.98,41.3,7,0,48.3
106,1-May,88-1,3,Lunch Buffet,12.99,1,12.99,16.41,0,0,16.41
107,1-May,88-1,3,Soda,2.49,1,2.49,16.41,0,0,16.41
108,1-May,87-1,3,Lunch Buffet,12.99,2,25.98,27.54,0,0,27.54
109,1-May,86-1,3,Lunch Buffet,12.99,2,25.98,27.54,0,2.6,24.94
110,1-May,84-1,3,Lunch Buffet,12.99,2,25.98,30.18,2,2.6,29.58
111,1-May,84-1,3,Soda,2.49,1,2.49,30.18,2,2.6,29.58
112,1-May,82-1,3,Lunch Buffet,12.99,2,25.98,32.82,5,0,37.82
113,1-May,82-1,3,Soda,2.49,2,4.98,32.82,5,0,37.82
114,1-May,81-1,3,Lunch Buffet,12.99,1,12.99,13.77,0,0,13.77
115,1-May,80-1,3,Lunch Buffet,12.99,1,12.99,13.77,2,0,15.77
116,1-May,79-1,3,Lunch Buffet,12.99,1,12.99,16.41,5,0,21.41
117,1-May,79-1,3,Soda,2.49,1,2.49,16.41,5,0,21.41
118,1-May,78-1,3,Lunch Buffet,12.99,2,25.98,27.54,5,2.6,29.94
119,1-May,77-1,3,Lunch Buffet,12.99,2,25.98,32.82,0,2.6,30.22
120,1-May,77-1,3,Soda,2.49,2,4.98,32.82,0,2.6,30.22
121,1-May,72-1,3,Lunch Buffet,12.99,1,12.99,13.77,2,0,15.77
122,1-May,71-1,3,Lunch Buffet,12.99,2,25.98,27.54,0,0,27.54
123,1-May,67-1,2,Lunch Buffet,12.99,2,25.98,27.54,5,0,32.54
124,1-May,66-1,4,Lunch Buffet,12.99,2,25.98,27.54,8.46,0,36
125,1-May,65-1,3,Lunch Buffet,12.99,2,25.98,32.82,0,0,32.82
126,1-May,65-1,2,Soda,2.49,2,4.98,32.82,0,0,32.82
127,1-May,63-1,2,Lunch Buffet,12.99,2,25.98,32.82,5,0,37.82
128,1-May,63-1,2,Soda,2.49,2,4.98,32.82,5,0,37.82
129,1-May,61-1,3,Lunch Buffet,12.99,2,25.98,32.82,7.74,0,40.56
130,1-May,61-1,3,Soda,2.49,2,4.98,32.82,7.74,0,40.56
131,1-May,60-1,4,Lunch Buffet,12.99,1,12.99,13.77,3,0,16.77
132,1-May,59-1,3,Lunch Buffet,12.99,2,25.98,32.82,3,2.6,33.22
133,1-May,59-1,3,Soda,2.49,2,4.98,32.82,3,2.6,33.22
134,1-May,58-1,2,Lunch Buffet,12.99,1,12.99,16.41,0,1.3,15.11
135,1-May,58-1,2,Soda,2.49,1,2.49,16.41,0,1.3,15.11
136,1-May,57-1,4,Lunch Buffet,12.99,2,25.98,27.54,0,0,27.54
137,1-May,55-1,2,Lunch Buffet,12.99,3,38.97,49.23,7,0,56.23
138,1-May,55-1,2,Soda,2.49,3,7.47,49.23,7,0,56.23
139,1-May,54-1,4,Lunch Buffet,12.99,2,25.98,27.54,4,0,31.54
140,1-May,53-1,3,Lunch Buffet,12.99,1,12.99,13.77,0,0,13.77
141,1-May,51-1,4,Lunch Buffet,12.99,1,12.99,13.77,2.8,0,16.57
142,1-May,50-1,3,Lunch Buffet,12.99,2,25.98,27.54,2,2.6,26.94
143,1-May,49-1,3,Lunch Buffet,12.99,1,12.99,16.41,3,0,19.41
144,1-May,49-1,3,Soda,2.49,1,2.49,16.41,3,0,19.41
145,1-May,47-1,4,Lunch Buffet,12.99,2,25.98,35.49,0,0,35.49
146,1-May,47-1,4,Lunch KID (6-8),7.5,1,7.5,35.49,0,0,35.49
147,1-May,45-1,4,Lunch Buffet,12.99,1,12.99,16.41,0,0,16.41
148,1-May,45-1,4,Soda,2.49,1,2.49,16.41,0,0,16.41
149,1-May,44-1,2,Lunch Buffet,12.99,2,25.98,32.82,0,0,32.82
150,1-May,44-1,2,Soda,2.49,2,4.98,32.82,0,0,32.82
151,1-May,43-1,2,Lunch Buffet,12.99,2,25.98,27.54,5.06,2.6,30
152,1-May,42-1,2,Lunch Buffet,12.99,2,25.98,27.54,0,2.6,24.94
153,1-May,42-2,2,Lunch Buffet,12.99,2,25.98,27.54,5,2.6,29.94
154,1-May,41-1,3,Lunch Buffet,12.99,2,25.98,30.18,3,0,33.18
155,1-May,41-1,3,Soda,2.49,1,2.49,30.18,3,0,33.18
156,1-May,39-1,4,Lunch Buffet,12.99,1,12.99,16.41,0,0,16.41
157,1-May,39-1,4,Soda,2.49,1,2.49,16.41,0,0,16.41
158,1-May,37-1,4,Lunch Buffet,12.99,1,12.99,13.77,2.23,0,16
159,1-May,35-1,2,Lunch Buffet,12.99,1,12.99,16.41,3.59,0,20
160,1-May,35-1,2,Soda,2.49,1,2.49,16.41,3.59,0,20
161,1-May,34-1,2,Lunch Buffet,12.99,2,25.98,32.82,5,0,37.82
162,1-May,34-1,2,Soda,2.49,2,4.98,32.82,5,0,37.82
163,1-May,33-1,2,Lunch Buffet,12.99,2,25.98,27.54,5,0,32.54
164,1-May,32-1,2,Lunch Buffet,12.99,1,12.99,13.77,3,0,16.77
165,1-May,31-1,2,Lunch Buffet,12.99,1,12.99,13.77,2,0,15.77
166,1-May,29-1,3,Lunch Buffet,12.99,1,12.99,16.41,2,0,18.41
167,1-May,28-1,4,Lunch Buffet,12.99,1,12.99,16.41,3,0,19.41
168,1-May,28-1,4,Soda,2.49,1,2.49,16.41,3,0,19.41
169,1-May,28-2,4,Lunch Buffet,12.99,1,12.99,16.41,0,0,16.41
170,1-May,28-2,4,Soda,2.49,1,2.49,16.41,0,0,16.41
171,1-May,28-3,4,Lunch Buffet,12.99,1,12.99,16.41,2,0,18.41
172,1-May,28-3,4,Soda,2.49,1,2.49,16.41,2,0,18.41
173,1-May,27-1,4,Lunch Buffet,12.99,1,12.99,24.88,5,0,29.88
174,1-May,27-1,4,Lunch KID (3-5),5.5,1,5.5,24.88,5,0,29.88
175,1-May,27-1,4,Soda,2.49,2,4.98,24.88,5,0,29.88
176,1-May,26-1,4,Lunch Buffet,12.99,2,25.98,32.82,5,0,37.82
177,1-May,26-1,4,Soda,2.49,2,4.98,32.82,5,0,37.82
178,1-May,25-1,3,Lunch Buffet,12.99,2,25.98,41.29,0,0,41.29
179,1-May,25-1,3,Lunch KID (3-5),5.5,1,5.5,41.29,0,0,41.29
180,1-May,25-1,3,Soda,2.49,3,7.47,41.29,0,0,41.29
181,1-May,24-1,3,Lunch Buffet,12.99,1,12.99,16.41,0,0,16.41
182,1-May,24-1,3,Soda,2.49,1,2.49,16.41,0,0,16.41
183,1-May,22-1,4,Lunch Buffet,12.99,2,25.98,27.54,3.9,0,31.44
184,1-May,20-1,2,Lunch Buffet,12.99,1,12.99,13.77,3,0,16.77
185,1-May,19-1,2,Lunch Buffet,12.99,1,12.99,13.77,4,0,17.77
186,1-May,18-1,2,Lunch Buffet,12.99,2,25.98,27.54,10,0,37.54
187,1-May,17-1,2,Lunch Buffet,12.99,1,12.99,13.77,2,0,15.77
188,1-May,14-1,3,Lunch Buffet,12.99,2,25.98,27.54,5,2.6,29.94
189,1-May,13-1,3,Lunch Buffet,12.99,2,25.98,32.82,4,0,36.82
190,1-May,13-1,3,Soda,2.49,2,4.98,32.82,4,0,36.82
191,1-May,12-1,4,Lunch Buffet,12.99,1,12.99,16.41,4,1.3,19.11
192,1-May,12-1,4,Soda,2.49,1,2.49,16.41,4,1.3,19.11
193,1-May,10-1,4,Lunch Buffet,12.99,2,25.98,27.54,4,0,31.54
194,1-May,9-1,3,Lunch Buffet,12.99,4,51.96,55.08,0,0,55.08
195,1-May,8-1,2,Lunch Buffet,12.99,1,12.99,16.41,3,0,19.41
196,1-May,8-1,2,Soda,2.49,1,2.49,16.41,3,0,19.41
197,1-May,3-1,4,Lunch Buffet,12.99,2,25.98,30.18,5,0,35.18
198,1-May,3-1,4,Soda,2.49,1,2.49,30.18,5,0,35.18
199,1-May,2-1,2,Lunch Buffet,12.99,2,25.98,30.18,4,2.6,31.58
200,1-May,2-1,2,Soda,2.49,1,2.49,30.18,4,2.6,31.58
201,1-May,1-1,2,Lunch Buffet,12.99,1,12.99,13.77,3,0,16.77
202,2-May,157-1,7,Dinner Buffet,16.99,1,16.99,20.65,0,0,20.65
203,2-May,157-1,7,Soda,2.49,1,2.49,20.65,0,0,20.65
204,2-May,156-1,2,Dinner Buffet,16.99,1,16.99,32.27,0,0,32.27
205,2-May,156-1,2,Dinner KID (9-11),13.45,1,13.45,32.27,0,0,32.27
206,2-May,155-2,4,Dinner Buffet,16.99,1,16.99,20.65,0,0,20.65
207,2-May,155-2,4,Soda,2.49,1,2.49,20.65,0,0,20.65
208,2-May,154-1,8,Dinner Buffet,16.99,2,33.98,38.66,0,0,38.66
209,2-May,154-1,8,Soda,2.49,1,2.49,38.66,0,0,38.66
210,2-May,153-1,4,Dinner Buffet,16.99,1,16.99,20.65,0,0,20.65
211,2-May,153-1,4,Soda,2.49,1,2.49,20.65,0,0,20.65
212,2-May,152-1,2,Dinner Buffet,16.99,2,33.98,41.3,8.7,0,50
213,2-May,152-1,2,Soda,2.49,2,4.98,41.3,8.7,0,50
214,2-May,151-1,7,Dinner Buffet,16.99,3,50.97,61.95,8,0,69.95
215,2-May,151-1,7,Soda,2.49,3,7.47,61.95,8,0,69.95
216,2-May,150-1,2,Dinner Buffet,16.99,1,16.99,20.65,0,0,20.65
217,2-May,150-1,2,Soda,2.49,1,2.49,20.65,0,0,20.65
218,2-May,149-1,4,Dinner Buffet,16.99,2,33.98,38.66,6,0,44.66
219,2-May,149-1,4,Soda,2.49,1,2.49,38.66,6,0,44.66
220,2-May,148-1,8,Dinner Buffet,16.99,2,33.98,41.3,4,0,45.3
221,2-May,148-1,8,Soda,2.49,2,4.98,41.3,4,0,45.3
222,2-May,146-1,8,Dinner Buffet,16.99,1,16.99,20.65,0,0,20.65
223,2-May,146-1,8,Soda,2.49,1,2.49,20.65,0,0,20.65
224,2-May,145-1,7,Dinner Buffet,16.99,2,33.98,38.66,5,0,43.66
225,2-May,145-1,7,Soda,2.49,1,2.49,38.66,5,0,43.66
226,2-May,144-1,4,Dinner Buffet,16.99,2,33.98,38.66,0,3.4,35.26
227,2-May,144-1,4,Soda,2.49,1,2.49,38.66,0,3.4,35.26
228,2-May,143-1,2,Dinner Buffet,16.99,2,33.98,41.3,5,0,46.3
229,2-May,143-1,2,Soda,2.49,2,4.98,41.3,5,0,46.3
230,2-May,142-1,1,Dinner Buffet,16.99,1,16.99,18.01,3,0,21.01
231,2-May,141-1,8,Dinner Buffet,16.99,2,33.98,36.02,7.2,0,43.22
232,2-May,139-1,7,Dinner Buffet,16.99,2,33.98,38.66,5,3.4,40.26
233,2-May,139-1,7,Soda,2.49,1,2.49,38.66,5,3.4,40.26
234,2-May,138-1,7,Dinner Buffet,16.99,3,50.97,69.38,10,0,79.38
235,2-May,138-1,7,Dinner KID (6-8),9.5,1,9.5,69.38,10,0,79.38
236,2-May,138-1,7,Soda,2.49,2,4.98,69.38,10,0,79.38
237,2-May,136-1,8,Dinner Buffet,16.99,2,33.98,68.26,0,0,68.26
238,2-May,136-1,8,Dinner KID (6-8),9.5,1,9.5,68.26,0,0,68.26
239,2-May,136-1,8,Dinner KID (9-11),13.45,1,13.45,68.26,0,0,68.26
240,2-May,136-1,8,Soda,2.49,3,7.47,68.26,0,0,68.26
241,2-May,135-1,2,Dinner Buffet,16.99,1,16.99,18.01,3,0,21.01
242,2-May,134-1,2,Dinner Buffet,16.99,2,33.98,38.66,0,0,38.66
243,2-May,134*1,2,Soda,2.49,1,2.49,38.66,0,0,38.66
244,2-May,133-1,4,Dinner Buffet,16.99,2,33.98,41.3,0,0,41.3
245,2-May,133-1,4,Soda,2.49,2,4.98,41.3,0,0,41.3
246,2-May,133-2,4,Dinner Buffet,16.99,1,16.99,20.65,2,0,22.65
247,2-May,133-2,4,Soda,2.49,1,2.49,20.65,2,0,22.65
248,2-May,132-1,7,Dinner Buffet,16.99,2,33.98,61.16,5,0,66.16
249,2-May,132-1,7,Dinner KID (6-8),9.5,1,9.5,61.16,5,0,66.16
250,2-May,132-1,7,Dinner KID (3-5),6.75,1,6.75,61.16,5,0,66.16
251,2-May,132-1,7,Soda,2.49,3,7.47,61.16,5,0,66.16
252,2-May,128-1,2,Dinner Buffet,16.99,3,50.97,59.31,8,0,67.31
253,2-May,128-1,2,Soda,2.49,3,7.47,59.31,8,0,67.31
254,2-May,127-1,4,Dinner Buffet,16.99,3,50.97,79.17,14.94,0,94.11
255,2-May,127-1,4,Dinner KID (6-8),9.5,1,9.5,79.17,14.94,0,94.11
256,2-May,127-1,4,Dinner KID (3-5),6.75,1,6.75,79.17,14.94,0,94.11
257,2-May,127-1,4,Soda,2.49,3,7.47,79.17,14.94,0,94.11
258,2-May,126-1,7,Dinner Buffet,16.99,2,33.98,41.3,6,0,47.3
259,2-May,126-1,7,Soda,2.49,2,4.98,41.3,6,0,47.3
260,2-May,125-1,8,Dinner Buffet,16.99,3,50.97,94.19,15,0,109.19
261,2-May,125-1,8,Dinner KID (9-11),13.45,1,13.45,94.19,15,0,109.19
262,2-May,125-1,8,Dinner KID (6-8),9.5,1,9.5,94.19,15,0,109.19
263,2-May,125-1,8,Soda,2.49,6,14.94,94.19,15,0,109.19
264,2-May,124-1,8,Dinner Buffet,16.99,1,16.99,18.01,2,0,20.01
265,2-May,123-1,8,Dinner Buffet,16.99,1,16.99,18.01,5,0,23.01
266,2-May,121-1,4,Dinner Buffet,16.99,2,33.98,38.66,7,3.4,42.26
267,2-May,121-1,4,Soda,2.49,1,2.49,38.66,7,3.4,42.26
268,2-May,120-1,7,Dinner Buffet,16.99,2,33.98,41.3,3,0,44.3
269,2-May,120-1,7,Soda,2.49,2,4.98,41.3,3,0,44.3
270,2-May,119-1,2,Dinner Buffet,16.99,2,33.98,70.9,5,0,75.9
271,2-May,119-1,2,Dinner KID (6-8),9.5,1,9.5,70.9,5,0,75.9
272,2-May,119-1,2,Dinner KID (9-11),13.45,1,13.45,70.9,5,0,75.9
273,2-May,119-1,2,Soda,2.49,4,9.96,70.9,5,0,75.9
274,2-May,118-1,2,Dinner Buffet,16.99,5,84.95,117.5,0,0,117.5
275,2-May,118-1,2,Dinner KID (9-11),13.45,1,13.45,117.5,0,0,117.5
276,2-May,118-1,2,Soda,2.49,5,12.45,117.5,0,0,117.5
277,2-May,117-1,4,Dinner Buffet,16.99,3,50.97,59.31,0,0,59.31
278,2-May,117-1,4,Soda,2.49,3,7.47,59.31,0,0,59.31
279,2-May,116-1,8,Dinner Buffet,16.99,2,33.98,58.19,10,0,68.19
280,2-May,116-1,8,Dinner KID (9-11),13.45,1,13.45,58.19,10,0,68.19
281,2-May,116-1,8,Soda,2.49,3,7.47,58.19,10,0,68.19
282,2-May,114-1,7,Dinner Buffet,16.99,2,33.98,54.01,10,0,64.01
283,2-May,114-1,7,Dinner KID (6-8),9.5,1,9.5,54.01,10,0,64.01
284,2-May,114-1,7,Soda,2.49,3,7.47,54.01,10,0,64.01
285,2-May,113-1,4,Dinner Buffet,16.99,3,50.97,59.31,11.19,0,70.5
286,2-May,113-1,4,Soda,2.49,3,7.47,59.31,11.19,0,70.5
287,2-May,111-1,7,Dinner Buffet,16.99,2,33.98,38.66,10,0,48.66
288,2-May,111-1,7,Soda,2.49,1,2.49,38.66,10,0,48.66
289,2-May,111-2,7,Dinner Buffet,16.99,1,16.99,18.01,2,0,20.01
290,2-May,111-3,7,Dinner Buffet,16.99,1,16.99,20.65,5,0,25.65
291,2-May,111-3,7,Soda,2.49,1,2.49,20.65,5,0,25.65
292,2-May,109-1,4,Dinner Buffet,16.99,2,33.98,41.3,4,0,45.3
293,2-May,109-1,4,Soda,2.49,2,4.98,41.3,4,0,45.3
294,2-May,107-1,2,Dinner Buffet,16.99,2,33.98,48.73,5,0,53.73
295,2-May,107-1,2,Dinner KID (6-8),9.5,1,9.5,48.73,5,0,53.73
296,2-May,107-1,2,Soda,2.49,1,2.49,48.73,5,0,53.73
297,2-May,106-1,2,Dinner Buffet,16.99,1,16.99,45.3,0,0,45.3
298,2-May,106-1,2,Dinner KID (3-5),6.75,1,6.75,45.3,0,0,45.3
299,2-May,106-1,2,Dinner KID (6-8),9.5,2,19,45.3,0,0,45.3
300,2-May,104-1,7,Dinner Buffet,16.99,3,50.97,111.42,8,9.02,110.4
301,2-May,104-1,7,Dinner KID (3-5),6.75,1,6.75,111.42,8,9.02,110.4
302,2-May,104-1,7,Dinner KID (6-8),9.5,2,19,111.42,8,9.02,110.4
303,2-May,104-1,7,Dinner KID (9-11),13.45,1,13.45,111.42,8,9.02,110.4
304,2-May,104-1,7,Soda,2.49,6,14.94,111.42,8,9.02,110.4
305,2-May,103-1,7,Dinner Buffet,16.99,3,50.97,61.95,0,0,61.95
306,2-May,103-1,7,Soda,2.49,3,7.47,61.95,0,0,61.95
307,2-May,102-1,2,Dinner Buffet,16.99,2,33.98,46.09,7,4.32,48.77
308,2-May,102-1,2,Dinner KID (6-8),9.5,1,9.5,46.09,7,4.32,48.77
309,2-May,101-1,8,Dinner Buffet,16.99,2,33.98,36.02,6.8,0,42.82
310,2-May,100-1,4,Dinner Buffet,16.99,2,33.98,51.09,5,0,56.09
311,2-May,100-1,4,Dinner KID (3-5),6.75,1,6.75,51.09,5,0,56.09
312,2-May,100-1,4,Soda,2.49,3,7.47,51.09,5,0,56.09
313,2-May,99-1,8,Dinner Buffet,16.99,2,33.98,38.66,7,3.4,42.26
314,2-May,99-1,8,Soda,2.49,1,2.49,38.66,7,3.4,42.26
315,2-May,98-1,2,Dinner Buffet,16.99,2,33.98,41.3,3,3.4,40.9
316,2-May,98-1,2,Soda,2.49,2,4.98,41.3,3,3.4,40.9
317,2-May,97-1,4,Dinner Buffet,16.99,2,33.98,36.02,3.38,3.4,36
318,2-May,96-1,7,Dinner Buffet,16.99,2,33.98,41.3,5,0,46.3
319,2-May,96-1,7,Soda,2.49,2,4.98,41.3,5,0,46.3
320,2-May,95-1,4,Dinner Buffet,16.99,2,33.98,41.3,0,0,41.3
321,2-May,95-1,4,Soda,2.49,2,4.98,41.3,0,0,41.3
322,2-May,94-1,2,Dinner Buffet,16.99,2,33.98,38.66,8,0,46.66
323,2-May,94-1,2,Soda,2.49,1,2.49,38.66,8,0,46.66
324,2-May,94-2,1,Dinner Buffet,16.99,2,33.98,38.66,8,0,46.66
325,2-May,94-2,1,Soda,2.49,1,2.49,38.66,8,0,46.66
326,2-May,91-1,7,Dinner Buffet,16.99,1,16.99,18.01,3,0,21.01
327,2-May,88-1,2,Dinner Buffet,16.99,2,33.98,41.3,8.2,0,49.5
328,2-May,88-1,2,Soda,2.49,2,4.98,41.3,8.2,0,49.5
329,2-May,87-1,8,Dinner Buffet,16.99,2,33.98,41.3,7,0,48.3
330,2-May,87-1,8,Soda,2.49,2,4.98,41.3,7,0,48.3
331,2-May,86-1,8,Dinner Buffet,16.99,2,33.98,41.3,4,3.4,41.9
332,2-May,86-1,8,Soda,2.49,2,4.98,41.3,4,3.4,41.9
333,2-May,81-1,4,Dinner Buffet,16.99,2,33.98,41.3,0,3.4,37.9
334,2-May,81-1,4,Soda,2.49,2,4.98,41.3,0,3.4,37.9
335,2-May,80-1,4,Dinner Buffet,16.99,2,33.98,41.3,5.84,0,47.14
336,2-May,80-1,4,Soda,2.49,2,4.98,41.3,5.84,0,47.14
337,2-May,79-1,7,Dinner Buffet,16.99,2,33.98,41.3,0,0,41.3
338,2-May,79-1,7,Soda,2.49,2,4.98,41.3,0,0,41.3
339,2-May,78-1,4,Lunch Buffet,12.99,1,12.99,27.54,0,1.3,26.24
340,2-May,76-1,7,Lunch Buffet,12.99,2,25.98,30.18,4.82,0,35
341,2-May,76-1,7,Soda,2.49,1,2.49,30.18,4.82,0,35
342,2-May,75-1,7,Lunch Buffet,12.99,1,12.99,13.77,0,0,13.77
343,2-May,73-1,4,Lunch Buffet,12.99,1,12.99,13.77,2,0,15.77
344,2-May,71-1,4,Lunch Buffet,12.99,2,25.98,27.54,0,0,27.54
345,2-May,69-1,4,Lunch Buffet,12.99,2,25.98,35.46,0,0,35.46
346,2-May,69-1,4,Soda,2.49,3,7.47,35.45,0,0,35.45
347,2-May,68-1,7,Lunch Buffet,12.99,2,25.98,32.82,3,0,35.82
348,2-May,68-1,7,Soda,2.49,2,4.98,32.82,3,0,35.82
349,2-May,67-1,2,Lunch Buffet,12.99,1,12.99,16.41,3,1.3,18.11
350,2-May,67-1,2,Soda,2.49,1,2.49,16.41,3,1.3,18.11
351,2-May,66-1,7,Lunch Buffet,12.99,3,38.97,43.95,6.05,0,50
352,2-May,66-1,7,Soda,2.49,1,2.49,43.95,6.05,0,50
353,2-May,65-1,4,Lunch Buffet,12.99,1,12.99,13.77,6.23,0,20
354,2-May,64-1,8,Lunch Buffet,12.99,2,25.98,27.54,3,2.6,27.94
355,2-May,63-1,2,Lunch Buffet,12.99,2,25.98,27.54,4,2.6,28.94
356,2-May,62-1,4,Lunch Buffet,12.99,1,12.99,13.77,2.23,0,16
357,2-May,62-2,4,Lunch Buffet,12.99,1,12.99,13.77,2,0,15.77
358,2-May,60-1,7,Lunch Buffet,12.99,2,25.98,32.82,4,2.6,34.22
359,2-May,60-1,7,Soda,2.49,2,4.98,32.82,4,2.6,34.22
360,2-May,58-1,7,Lunch Buffet,12.99,2,25.98,32.82,6,0,38.82
361,2-May,58-1,7,Soda,2.49,2,4.98,32.82,6,0,38.82
362,2-May,56-1,4,Lunch Buffet,12.99,2,25.98,41.29,5,0,46.29
363,2-May,56-1,4,Lunch KID (3-5),5.5,1,5.5,41.29,5,0,46.29
364,2-May,56-1,4,Soda,2.49,3,7.47,41.29,5,0,46.29
365,2-May,55-1,4,Lunch Buffet,12.99,2,25.98,32.82,0,2.6,30.22
366,2-May,55-1,4,Soda,2.49,2,4.98,32.82,0,2.6,30.22
367,2-May,53-1,2,Lunch Buffet,12.99,2,25.98,27.54,5,0,32.54
368,2-May,51-1,8,Lunch Buffet,12.99,1,12.99,13.77,2.6,0,16.37
369,2-May,51-2,8,Lunch Buffet,12.99,1,12.99,16.41,2.59,0,19
370,2-May,51-2,8,Soda,2.49,1,2.49,16.41,2.59,0,19
371,2-May,51-3,8,Lunch Buffet,12.99,1,12.99,16.41,2,0,18.41
372,2-May,51-3,8,Soda,2.49,1,2.49,16.41,2,0,18.41
373,2-May,48-1,7,Lunch Buffet,12.99,1,12.99,16.41,3,0,19.41
374,2-May,48-1,7,Soda,2.49,1,2.49,16.41,3,0,19.41
375,2-May,47-1,2,Lunch Buffet,12.99,1,12.99,16.41,5,0,21.41
376,2-May,47-1,2,Soda,2.49,1,2.49,16.41,5,0,21.41
377,2-May,46-1,4,Lunch Buffet,12.99,2,25.98,32.82,7.18,0,40
378,2-May,46-1,4,Soda,2.49,2,4.98,32.82,7.18,0,40
379,2-May,45-1,9,Lunch Buffet,12.99,1,12.99,16.41,0,0,16.41
380,2-May,45-1,9,Soda,2.49,1,2.49,16.41,0,0,16.41
381,2-May,44-1,2,Lunch Buffet,12.99,1,12.99,16.41,5,0,21.41
382,2-May,44-1,2,Soda,2.49,1,2.49,16.41,5,0,21.41
383,2-May,43-1,4,Lunch Buffet,12.99,1,12.99,16.41,3,0,19.41
384,2-May,43-1,4,Soda,2.49,1,2.49,16.41,3,0,19.41
385,2-May,42-1,4,Lunch Buffet,12.99,3,38.97,43.95,6,0,49.95
386,2-May,42-1,4,Soda,2.49,1,2.49,43.95,6,0,49.95
387,2-May,40-1,8,Lunch Buffet,12.99,2,25.98,30.18,0,0,30.18
388,2-May,40-1,8,Soda,2.49,1,2.49,30.18,0,0,30.18
389,2-May,38-1,7,Lunch Buffet,12.99,1,12.99,13.77,1.53,1.3,14
390,2-May,36-3,2,Lunch Buffet,12.99,1,12.99,16.41,0,0,16.41
391,2-May,36-3,2,Soda,2.49,1,2.49,16.41,0,0,16.41
392,2-May,35-1,7,Lunch Buffet,12.99,2,25.98,30.18,4,0,34.18
393,2-May,35-1,7,Soda,2.49,1,2.49,30.18,4,0,34.18
394,2-May,33-1,4,Lunch Buffet,12.99,1,12.99,13.77,3,0,16.77
395,2-May,31-1,4,Lunch Buffet,12.99,1,12.99,16.41,4,0,20.41
396,2-May,31-1,4,Soda,2.49,1,2.49,16.41,4,0,20.41
397,2-May,30-1,7,Lunch Buffet,12.99,1,12.99,16.41,2.09,0,18.5
398,2-May,30-1,7,Soda,2.49,1,2.49,16.41,2.09,0,18.5
399,2-May,29-1,2,Lunch Buffet,12.99,2,25.98,27.54,0,2.6,24.94
400,2-May,27-1,4,Lunch Buffet,12.99,2,25.98,49.76,0,0,49.76
401,2-May,27-1,4,Lunch KID (3-5),5.5,2,11,49.76,0,0,49.76
402,2-May,27-1,4,Soda,2.49,4,9.96,49.76,0,0,49.76
403,2-May,26-1,7,Lunch Buffet,12.99,3,38.97,46.59,0,0,46.59
404,2-May,26-1,7,Soda,2.49,2,4.98,46.59,0,0,46.59
405,2-May,25-2,2,Lunch Buffet,12.99,1,12.99,13.77,2,0,15.77
406,2-May,24-1,4,Lunch Buffet,12.99,2,25.98,32.82,5,0,37.82
407,2-May,24-1,4,Soda,2.49,2,4.98,32.82,5,0,37.82
408,2-May,23-2,8,Lunch Buffet,12.99,1,12.99,13.77,2,0,15.77
409,2-May,23-3,8,Lunch Buffet,12.99,1,12.99,13.77,1,0,14.77
410,2-May,23-4,8,Lunch Buffet,12.99,1,12.99,13.77,2,0,15.77
411,2-May,23-5,8,Lunch Buffet,12.99,1,12.99,13.77,2,0,15.77
412,2-May,21-1,7,Lunch Buffet,12.99,2,25.98,30.18,6,0,36.18
413,2-May,21-1,7,Soda,2.49,1,2.49,30.18,6,0,36.18
414,2-May,20-1,4,Lunch Buffet,12.99,1,12.99,13.77,0,0,13.77
415,2-May,20-2,4,Lunch Buffet,12.99,1,12.99,13.77,2,0,15.77
416,2-May,19-1,2,Lunch Buffet,12.99,1,12.99,13.77,3,0,16.77
417,2-May,18-1,2,Lunch Buffet,12.99,1,12.99,13.77,1,0,14.77
418,2-May,16-1,4,Lunch Buffet,12.99,2,25.98,32.82,5,0,37.82
419,2-May,16-1,4,Soda,2.49,2,4.98,32.82,5,0,37.82
420,2-May,15-1,2,Lunch Buffet,12.99,1,12.99,16.41,0,0,16.41
421,2-May,15-1,2,Soda,2.49,1,2.49,16.41,0,0,16.41
422,2-May,15-2,2,Lunch Buffet,12.99,1,12.99,13.77,0,0,13.77
423,2-May,13-1,4,Lunch Buffet,12.99,1,12.99,16.41,3,0,19.41
424,2-May,13-1,4,Soda,2.49,1,2.49,16.41,3,0,19.41
425,2-May,12-1,4,Lunch Buffet,12.99,1,12.99,16.41,0,1.3,15.11
426,2-May,12-1,4,Soda,2.49,1,2.49,16.41,0,1.3,15.11
427,2-May,10-1,7,Lunch Buffet,12.99,2,25.98,30.18,4,2.6,31.58
428,2-May,10-1,7,Soda,2.49,1,2.49,30.18,4,2.6,31.58
429,2-May,6-1,8,Lunch Buffet,12.99,2,25.98,27.54,3,0,30.54
430,2-May,1-1,8,Lunch Buffet,12.99,1,12.99,16.41,0,0,16.41
431,2-May,1-1,8,Soda,2.49,1,2.49,16.41,0,0,16.41
432,3-May,215-1,3,Dinner Buffet,16.99,2,33.98,46.09,3.91,0,50
433,3-May,215-1,3,Dinner KID (6-8),9.5,1,9.5,46.09,3.91,0,50
434,3-May,214-1,2,Dinner Buffet,16.99,3,50.97,54.03,6,0,60.03
435,3-May,213-1,8,Dinner Buffet,16.99,2,33.98,57.43,5,5.42,57.01
436,3-May,213-1,8,Dinner KID (9-11),13.45,1,13.45,57.43,5,5.42,57.01
437,3-May,213-1,8,Dinner KID (3-5),6.75,1,6.75,57.43,5,5.42,57.01
438,3-May,212-1,8,Dinner Buffet,16.99,2,33.98,58.19,5,0,63.19
439,3-May,212-1,8,Dinner KID (9-11),13.45,1,13.45,58.19,5,0,63.19
440,3-May,212-1,8,Soda,2.49,3,7.47,58.19,5,0,63.19
441,3-May,211-1,2,Dinner Buffet,16.99,2,33.98,72.5,0,0,72.5
442,3-May,211-1,2,Dinner KID (9-11),13.45,1,13.45,72.5,0,0,72.5
443,3-May,211-1,2,Dinner KID (3-5),6.75,2,13.5,72.5,0,0,72.5
444,3-May,211-1,2,Soda,2.49,3,7.47,72.5,0,0,72.5
445,3-May,210-1,6,Dinner Buffet,16.99,5,84.95,103.24,7,0,110.24
446,3-May,210-1,6,Soda,2.49,5,12.45,103.24,7,0,110.24
447,3-May,209-1,7,Dinner Buffet,16.99,3,50.97,61.95,1.05,0,63
448,3-May,209-1,7,Soda,2.49,3,7.47,61.95,1.05,0,63
449,3-May,208-1,2,Dinner Buffet,16.99,2,33.98,52.92,5.82,4.74,54
450,3-May,208-1,2,Dinner KID (9-11),13.45,1,13.45,52.92,5.82,4.74,54
451,3-May,208-1,2,Soda,2.49,1,2.49,52.92,5.82,4.74,54
452,3-May,204-1,2,Dinner Buffet,16.99,3,50.97,73.56,6.44,0,80
453,3-May,204-1,2,Dinner KID (9-11),13.45,1,13.45,73.56,6.44,0,80
454,3-May,204-1,2,Soda,2.49,2,4.98,73.56,6.44,0,80
455,3-May,203-1,7,Dinner Buffet,16.99,2,33.98,54.01,6,0,60.01
456,3-May,203-1,7,Dinner KID (6-8),9.5,1,9.5,54.01,6,0,60.01
457,3-May,203-1,7,Soda,2.49,3,7.47,54.01,6,0,60.01
458,3-May,202-1,2,Dinner Buffet,16.99,2,33.98,41.3,0,0,41.3
459,3-May,202-1,2,Soda,2.49,2,4.98,41.3,0,0,41.3
460,3-May,201-1,6,Dinner Buffet,16.99,2,33.98,41.3,0,0,41.3
461,3-May,201-1,6,Soda,2.49,2,4.98,41.3,0,0,41.3
462,3-May,199-1,3,Dinner Buffet,16.99,2,33.98,70.9,10,0,80.9
463,3-May,199-1,3,Dinner KID (9-11),13.45,1,13.45,70.9,10,0,80.9
464,3-May,199-1,3,Dinner KID (6-8),9.5,1,9.5,70.9,10,0,80.9
465,3-May,199-1,3,Soda,2.49,4,9.96,70.9,10,0,80.9
466,3-May,198-1,8,Dinner Buffet,16.99,2,33.98,41.3,10,0,51.3
467,3-May,198-1,8,Soda,2.49,2,4.98,41.3,10,0,51.3
468,3-May,197-1,4,Dinner Buffet,16.99,2,33.98,36.02,3.5,3.4,36.12
469,3-May,196-1,4,Dinner Buffet,16.99,2,33.98,64.53,0,0,64.53
470,3-May,196-1,4,Dinner KID (9-11),13.45,2,26.9,64.53,0,0,64.53
471,3-May,194-1,6,Dinner Buffet,16.99,2,33.98,41.3,0,0,41.3
472,3-May,194-1,6,Soda,2.49,2,4.98,41.3,0,0,41.3
473,3-May,193-1,8,Dinner Buffet,16.99,3,50.97,56.67,8,0,64.67
474,3-May,193-1,8,Soda,2.49,1,2.49,56.67,8,0,64.67
475,3-May,192-1,6,Dinner Buffet,16.99,1,16.99,34.91,5,0,39.91
476,3-May,192-1,6,Dinner KID (9-11),13.45,1,13.45,34.91,5,0,39.91
477,3-May,192-1,6,Soda,2.49,1,2.49,34.91,5,0,39.91
478,3-May,191-1,7,Dinner Buffet,16.99,4,67.96,77.32,0,0,77.32
479,3-May,191-1,7,Soda,2.49,2,4.98,77.32,0,0,77.32
480,3-May,190-1,3,Dinner Buffet,16.99,2,33.98,41.3,5.1,3.4,43
481,3-May,190-1,3,Soda,2.49,2,4.98,41.3,5.1,3.4,43
482,3-May,189-1,7,Dinner Buffet,16.99,1,16.99,37.55,5,0,42.55
483,3-May,189-1,7,Dinner KID (9-11),13.45,1,13.45,37.55,5,0,42.55
484,3-May,189-1,7,Soda,2.49,2,4.98,37.55,5,0,42.55
485,3-May,188-1,4,Dinner Buffet,16.99,1,16.99,27.8,6,0,33.8
486,3-May,188-1,4,Dinner KID (3-5),6.75,1,6.75,27.8,6,0,33.8
487,3-May,188-1,4,Soda,2.49,1,2.49,27.8,6,0,33.8
488,3-May,187-1,8,Dinner Buffet,16.99,3,50.97,66.46,15,0,81.46
489,3-May,187-1,8,Dinner KID (3-5),6.75,1,6.75,66.46,15,0,81.46
490,3-May,187-1,8,Soda,2.49,2,4.98,66.46,15,0,81.46
491,3-May,185-1,7,Dinner Buffet,16.99,1,16.99,18.01,2,0,20.01
492,3-May,184-1,2,Dinner Buffet,16.99,5,84.95,100.6,0,0,100.6
493,3-May,184-1,2,Soda,2.49,4,9.96,100.6,0,0,100.6
494,3-May,183-1,7,Dinner Buffet,16.99,1,16.99,33.36,0,0,33.36
495,3-May,183-1,7,Dinner KID (6-8),9.5,1,9.5,33.36,0,0,33.36
496,3-May,183-1,7,Soda,2.49,2,4.98,33.36,0,0,33.36
497,3-May,182-1,6,Dinner Buffet,16.99,1,16.99,18.01,1.9,0,19.91
498,3-May,181-1,6,Dinner Buffet,16.99,1,16.99,18.01,3.99,0,22
499,3-May,181-2,6,Dinner Buffet,16.99,1,16.99,18.01,2.99,0,21
500,3-May,180-1,2,Dinner Buffet,16.99,2,33.98,64.08,8,0,72.08
501,3-May,180-1,2,Dinner KID (6-8),9.5,2,19,64.08,8,0,72.08
502,3-May,180-1,2,Soda,2.49,3,7.47,64.08,8,0,72.08
503,3-May,179-1,4,Dinner Buffet,16.99,2,33.98,41.3,0,0,41.3
504,3-May,179-1,4,Soda,2.49,2,4.98,41.3,0,0,41.3
505,3-May,179-2,4,Dinner Buffet,16.99,2,33.98,38.66,5,0,43.66
506,3-May,179-2,4,Soda,2.49,1,2.49,38.66,5,0,43.66
507,3-May,178-1,3,Dinner Buffet,16.99,2,33.98,36.02,6,0,42.02
508,3-May,177-1,8,Dinner Buffet,16.99,2,33.98,41.3,8.7,0,50
509,3-May,177-1,8,Soda,2.49,2,4.98,41.3,8.7,0,50
510,3-May,175-1,3,Dinner Buffet,16.99,3,50.97,59.31,5,0,64.31
511,3-May,175-1,3,Soda,2.49,2,4.98,59.31,5,0,64.31
512,3-May,174-4,4,Dinner Buffet,16.99,1,16.99,32.27,5,3.04,34.23
513,3-May,174-4,4,Dinner KID (9-11),13.45,1,13.45,32.27,5,3.04,34.23
514,3-May,174-5,4,Dinner Buffet,16.99,1,16.99,18.01,5,0,23.01
515,3-May,172-1,8,Dinner Buffet,16.99,1,16.99,25.16,3,0,28.16
516,3-May,172-1,8,Dinner KID (3-5),6.75,1,6.75,25.16,3,0,28.16
517,3-May,171-1,3,Dinner Buffet,16.99,2,33.98,36.02,4,3.4,36.62
518,3-May,170-1,1,Dinner Buffet,16.99,28,475.72,504.26,0,47.6,456.66
519,3-May,169-1,2,Dinner Buffet,16.99,2,33.98,36.02,0,0,36.02
520,3-May,168-2,2,Dinner Buffet,16.99,3,50.97,59.31,10,0,69.31
521,3-May,168-2,2,Soda,2.49,2,4.98,59.31,10,0,69.31
522,3-May,167-1,8,Dinner Buffet,16.99,2,33.98,36.02,6,0,42.02
523,3-May,165-1,4,Dinner Buffet,16.99,1,16.99,20.65,5,0,25.65
524,3-May,165-1,4,Soda,2.49,1,2.49,20.65,5,0,25.65
525,3-May,164-1,2,Dinner Buffet,16.99,2,33.98,41.3,7.79,3.4,45.69
526,3-May,164-1,2,Soda,2.49,2,4.98,41.3,7.79,3.4,45.69
527,3-May,163-1,8,Dinner Buffet,16.99,2,33.98,38.66,5,0,43.66
528,3-May,163-1,8,Soda,2.49,1,2.49,38.66,5,0,43.66
529,3-May,162-1,2,Dinner Buffet,16.99,2,33.98,58.19,5,0,63.19
530,3-May,162-1,2,Dinner KID (9-11),16.45,1,16.45,58.19,5,0,63.19
531,3-May,162-1,2,Soda,2.49,3,7.47,58.19,5,0,63.19
532,3-May,160-1,4,Dinner Buffet,16.99,2,33.98,41.3,0,0,41.3
533,3-May,160-1,4,Soda,2.49,2,4.98,41.3,0,0,41.3
534,3-May,159-1,3,Dinner Buffet,16.99,2,33.98,36.02,5,0,41.02
535,3-May,158-1,3,Dinner Buffet,16.99,1,16.99,20.65,0,0,20.65
536,3-May,158-1,3,Soda,2.49,1,2.49,20.65,0,0,20.65
537,3-May,157-1,6,Dinner Buffet,16.99,2,33.98,36.02,5.38,3.4,38
538,3-May,155-1,2,Dinner Buffet,16.99,3,50.97,70.92,10,0,80.92
539,3-May,155-1,2,Dinner KID (9-11),13.45,1,13.45,70.92,10,0,80.92
540,3-May,155-1,2,Soda,2.49,1,2.49,70.92,10,0,80.92
541,3-May,154-1,4,Dinner Buffet,16.99,2,33.98,41.3,0,0,41.3
542,3-May,154-1,4,Soda,2.49,2,4.98,41.3,0,0,41.3
543,3-May,153-1,8,Dinner Buffet,16.99,5,84.95,92.69,18,8.49,102.2
544,3-May,153-1,8,Soda,2.49,1,2.49,92.69,18,8.49,102.2
545,3-May,152-1,7,Dinner Buffet,16.99,3,50.97,54.03,5.97,0,60
546,3-May,149-1,4,Dinner Buffet,16.99,2,33.98,38.66,6,0,44.66
547,3-May,149-1,4,Soda,2.49,1,2.49,38.66,6,0,44.66
548,3-May,149-2,4,Dinner Buffet,16.99,2,33.98,38.66,6,0,44.66
549,3-May,149-2,4,Soda,2.49,1,2.49,38.66,6,0,44.66
550,3-May,147-1,2,Dinner Buffet,16.99,2,33.98,70.42,0,6.64,63.78
551,3-May,147-1,2,Dinner KID (6-8),9.5,2,19,70.42,0,6.64,63.78
552,3-May,147-1,2,Dinner KID (9-11),13.45,1,13.45,70.42,0,6.64,63.78
553,3-May,146-1,2,Dinner Buffet,16.99,2,33.98,38.66,7,3.4,42.26
554,3-May,146-1,2,Soda,2.49,1,2.49,38.66,7,3.4,42.26
555,3-May,145-1,3,Dinner Buffet,16.99,3,50.97,56.67,5,0,61.67
556,3-May,145-1,3,Soda,2.49,1,2.49,56.67,5,0,61.67
557,3-May,144-1,8,Dinner Buffet,16.99,4,67.96,72.04,0,0,72.04
558,3-May,143-1,4,Dinner Buffet,16.99,2,33.98,41.3,10,0,51.3
559,3-May,143-1,4,Soda,2.49,2,4.98,41.3,10,0,51.3
560,3-May,142-1,6,Dinner Buffet,16.99,2,33.98,41.3,0,0,41.3
561,3-May,142-1,6,Soda,2.49,2,4.98,41.3,0,0,41.3
562,3-May,141-1,7,Dinner Buffet,16.99,3,50.97,56.67,7,0,63.67
563,3-May,141-1,7,Soda,2.49,1,2.49,56.67,7,0,63.67
564,3-May,140-1,8,Dinner Buffet,16.99,2,33.98,51.09,0,0,51.09
565,3-May,140-1,8,Dinner KID (6-8),6.75,1,6.75,51.09,0,0,51.09
566,3-May,140-1,8,Soda,2.49,3,7.47,51.09,0,0,51.09
567,3-May,138-1,3,Dinner Buffet,16.99,2,33.98,36.02,4,0,40.02
568,3-May,137-1,2,Dinner Buffet,16.99,1,16.99,33.36,5,0,38.36
569,3-May,137-1,2,Dinner KID (6-8),9.5,1,9.5,33.36,5,0,38.36
570,3-May,137-1,2,Soda,2.49,2,4.98,33.36,5,0,38.36
571,3-May,136-1,2,Dinner Buffet,16.99,2,33.98,36.02,0,0,36.02
572,3-May,135-1,4,Dinner Buffet,16.99,2,33.98,58.19,10,0,68.19
573,3-May,135-1,4,Dinner KID (9-11),13.45,1,13.45,58.19,10,0,68.19
574,3-May,135-1,4,Soda,2.49,3,7.47,58.19,10,0,68.19
575,3-May,134-1,6,Dinner Buffet,16.99,4,67.96,74.68,15,0,89.68
576,3-May,134-1,6,Soda,2.49,1,2.49,74.68,15,0,89.68
577,3-May,133-1,3,Dinner Buffet,16.99,1,16.99,20.65,0,0,20.65
578,3-May,133-1,3,Soda,2.49,1,2.49,20.65,0,0,20.65
579,3-May,133-2,3,Dinner Buffet,16.99,1,16.99,18.01,0,0,18.01
580,3-May,132-1,4,Dinner Buffet,16.99,2,33.98,36.02,3.6,0,39.62
581,3-May,131-1,2,Dinner Buffet,16.99,2,33.98,55.88,8,0,63.88
582,3-May,131-1,2,Dinner KID (3-5),6.75,1,6.75,55.88,8,0,63.88
583,3-May,131-1,2,Dinner KID (6-8),9.5,1,9.5,55.88,8,0,63.88
584,3-May,131-1,2,Soda,2.49,1,2.49,55.88,8,0,63.88
585,3-May,130-1,3,Dinner Buffet,16.99,2,33.98,38.66,0,0,38.66
586,3-May,130-1,3,Soda,2.49,1,2.49,38.66,0,0,38.66
587,3-May,129-1,6,Dinner Buffet,16.99,3,50.97,54.03,5,0,59.03
588,3-May,128-1,7,Dinner Buffet,16.99,2,33.98,51.37,0,0,51.37
589,3-May,128-1,7,Dinner KID (6-8),9.5,1,9.5,51.37,0,0,51.37
590,3-May,128-1,7,Soda,2.49,2,4.98,51.37,0,0,51.37
591,3-May,127-1,4,Dinner Buffet,16.99,2,33.98,41.3,7.79,0,49.09
592,3-May,127-1,4,Soda,2.49,2,4.98,41.3,7.79,0,49.09
593,3-May,126-1,8,Dinner Buffet,16.99,5,84.95,97.97,12,0,109.97
594,3-May,126-1,8,Soda,2.49,3,7.47,97.97,12,0,109.97
595,3-May,125-1,2,Dinner Buffet,16.99,2,33.98,38.66,0,0,38.66
596,3-May,125-1,2,Soda,2.49,1,2.49,38.66,0,0,38.66
597,3-May,124-1,8,Dinner Buffet,16.99,4,67.96,97.18,18.34,0,115.52
598,3-May,124-1,8,Dinner KID (3-5),6.75,1,6.75,97.18,18.34,0,115.52
599,3-May,124-1,8,Dinner KID (6-8),9.5,1,9.5,97.18,18.34,0,115.52
600,3-May,124-1,8,Soda,2.49,3,7.47,97.18,18.34,0,115.52
601,3-May,123-1,3,Dinner Buffet,16.99,2,33.98,38.66,6.34,0,45
602,3-May,123-1,3,Soda,2.49,1,2.49,38.66,6.34,0,45
603,3-May,122-1,7,Dinner Buffet,16.99,5,84.95,95.33,18,0,113.33
604,3-May,122-1,7,Soda,2.49,2,4.98,95.33,18,0,113.33
605,3-May,121-1,6,Dinner Buffet,16.99,2,33.98,36.02,8,3.4,40.62
606,3-May,120-1,4,Dinner Buffet,16.99,2,33.98,65.35,5,0,70.35
607,3-May,120-1,4,Dinner KID (3-5),6.75,1,6.75,65.35,5,0,70.35
608,3-May,120-1,4,Dinner KID (9-11),13.45,1,13.45,65.35,5,0,70.35
609,3-May,120-1,4,Soda,2.49,3,7.47,65.35,5,0,70.35
610,3-May,119-1,2,Dinner Buffet,16.99,2,33.98,58.52,0,0,58.52
611,3-May,119-1,2,Dinner KID (3-5),6.75,1,6.75,58.52,0,0,58.52
612,3-May,119-1,2,Dinner KID (6-8),9.5,1,9.5,58.52,0,0,58.52
613,3-May,119-1,2,Soda,2.49,2,4.98,58.52,0,0,58.52
614,3-May,117-1,6,Dinner Buffet,16.99,2,33.98,38.66,5,0,43.66
615,3-May,117-1,6,Soda,2.49,1,2.49,38.66,5,0,43.66
616,3-May,115-1,3,Dinner Buffet,16.99,3,50.97,59.31,0,0,59.31
617,3-May,115-1,3,Soda,2.49,2,4.98,59.31,0,0,59.31
618,3-May,114-1,7,Dinner Buffet,16.99,3,50.97,71.74,8,0,79.74
619,3-May,114-1,7,Dinner KID (3-5),6.75,1,6.75,71.74,8,0,79.74
620,3-May,114-1,7,Soda,2.49,4,9.96,71.74,8,0,79.74
621,3-May,112-1,2,Dinner Buffet,16.99,2,33.98,36.02,3,3.4,35.62
622,3-May,111-1,8,Dinner Buffet,16.99,3,50.97,54.03,7,0,61.03
623,3-May,110-1,6,Dinner Buffet,16.99,3,50.97,61.95,5,0,66.95
624,3-May,110-1,6,Soda,2.49,3,7.47,61.95,5,0,66.95
625,3-May,109-1,3,Dinner Buffet,16.99,2,33.98,41.3,0,0,41.3
626,3-May,109-1,3,Soda,2.49,2,4.98,41.3,0,0,41.3
627,3-May,108-1,7,Dinner Buffet,16.99,2,33.98,58.19,10.98,0,69.17
628,3-May,108-1,7,Dinner KID (9-11),13.45,1,13.45,58.19,10.98,0,69.17
629,3-May,108-1,7,Soda,2.49,3,7.47,58.19,10.98,0,69.17
630,3-May,106-1,4,Dinner Buffet,16.99,2,33.98,38.66,0,0,38.66
631,3-May,106-1,4,Soda,2.49,1,2.49,38.66,0,0,38.66
632,3-May,105-1,3,Dinner Buffet,16.99,2,33.98,41.3,5,0,46.3
633,3-May,105-1,3,Soda,2.49,2,4.98,41.3,5,0,46.3
634,3-May,104-1,8,Dinner Buffet,16.99,3,50.97,54.03,4,0,58.03
635,3-May,103-1,6,Dinner Buffet,16.99,2,33.98,38.66,4,0,42.66
636,3-May,103-1,6,Soda,2.49,1,2.49,38.66,4,0,42.66
637,3-May,102-1,4,Dinner Buffet,16.99,1,16.99,18.01,2,0,20.01
638,3-May,100-1,2,Dinner Buffet,16.99,2,33.98,36.02,3,3.4,35.62
639,3-May,99-1,6,Dinner Buffet,16.99,2,33.98,41.3,3,0,44.3
640,3-May,99-1,6,Soda,2.49,2,4.98,41.3,3,0,44.3
641,3-May,97-1,6,Dinner Buffet,16.99,2,33.98,41.3,5,3.4,42.9
642,3-May,97-1,6,Soda,2.49,2,4.98,41.3,5,3.4,42.9
643,3-May,96-1,7,Dinner Buffet,16.99,3,50.97,61.95,10,0,71.95
644,3-May,96-1,7,Soda,2.49,3,7.47,61.95,10,0,71.95
645,3-May,95-1,4,Dinner Buffet,16.99,2,33.98,38.66,5,0,43.66
646,3-May,95-1,4,Soda,2.49,1,2.49,38.66,5,0,43.66
647,3-May,94-1,7,Dinner Buffet,16.99,2,33.98,38.66,7.6,0,46.26
648,3-May,94-1,7,Soda,2.49,1,2.49,38.66,7.6,0,46.26
649,3-May,93-1,4,Dinner Buffet,16.99,2,33.98,36.02,3,0,39.02
650,3-May,92-1,3,Dinner Buffet,16.99,3,50.97,78.84,0,0,78.84
651,3-May,92-1,3,Dinner KID (9-11),13.45,1,13.45,78.84,0,0,78.84
652,3-May,92-1,3,Soda,2.49,4,9.96,78.84,0,0,78.84
653,3-May,90-1,8,Dinner Buffet,16.99,1,16.99,18.01,2.69,1.7,19
654,3-May,88-1,2,Dinner Buffet,16.99,1,16.99,20.65,2,0,22.65
655,3-May,88-1,2,Soda,2.49,1,2.49,20.65,2,0,22.65
656,3-May,87-1,3,Dinner Buffet,16.99,2,33.98,36.02,6.8,0,42.82
657,3-May,86-1,2,Lunch Buffet,12.99,2,25.98,33.37,3,0,36.37
658,3-May,86-1,2,Lunch KID (3-5),5.5,1,5.5,33.37,3,0,36.37
659,3-May,85-1,8,Dinner Buffet,16.99,5,84.95,92.69,5,0,97.69
660,3-May,85-1,8,Soda,2.49,1,2.49,92.69,5,0,97.69
661,3-May,81-1,3,Lunch Buffet,12.99,1,12.99,16.41,0,0,16.41
662,3-May,81-1,3,Soda,2.49,1,2.49,16.41,0,0,16.41
663,3-May,80-1,3,Lunch Buffet,12.99,1,12.99,13.77,0,0,13.77
664,3-May,78-1,8,Lunch Buffet,12.99,2,25.98,27.54,3.9,2.6,28.84
665,3-May,77-1,8,Lunch Buffet,12.99,1,12.99,13.77,0,1.3,12.47
666,3-May,74-1,2,Lunch Buffet,12.99,1,12.99,13.77,0,0,13.77
667,3-May,73-1,3,Lunch Buffet,12.99,2,25.98,27.54,3.9,0,31.44
668,3-May,72-1,8,Lunch Buffet,12.99,2,25.98,30.18,0,0,30.18
669,3-May,72-1,8,Soda,2.49,1,2.49,30.18,0,0,30.18
670,3-May,71-1,3,Lunch Buffet,12.99,2,25.98,32.82,5,0,37.82
671,3-May,71-1,3,Soda,2.49,2,4.98,32.82,5,0,37.82
672,3-May,68-1,3,Lunch Buffet,12.99,2,25.98,30.18,0,0,30.18
673,3-May,68-1,3,Soda,2.49,1,2.49,30.18,0,0,30.18
674,3-May,65-1,2,Lunch Buffet,12.99,2,25.98,27.54,0.46,0,28
675,3-May,64-1,8,Lunch Buffet,12.99,2,25.98,32.82,0,0,32.82
676,3-May,64-1,8,Soda,2.49,2,4.98,32.82,0,0,32.82
677,3-May,63-1,6,Lunch Buffet,12.99,2,25.98,27.54,6,0,33.54
678,3-May,61-1,2,Lunch Buffet,12.99,1,12.99,16.41,0,0,16.41
679,3-May,61-1,2,Soda,2.49,1,2.49,16.41,0,0,16.41
680,3-May,58-1,3,Lunch Buffet,12.99,2,25.98,27.54,5,0,32.54
681,3-May,56-1,7,Lunch Buffet,12.99,2,25.98,32.82,8,0,40.82
682,3-May,56-1,7,Soda,2.49,2,4.98,32.82,8,0,40.82
683,3-May,55-1,2,Lunch Buffet,12.99,1,12.99,16.41,2.32,0,18.73
684,3-May,55-1,2,Soda,2.49,1,2.49,16.41,2.32,0,18.73
685,3-May,55-2,2,Lunch Buffet,12.99,1,12.99,16.41,3.1,0,19.51
686,3-May,55-2,2,Soda,2.49,1,2.49,16.41,3.1,0,19.51
687,3-May,54-1,3,Lunch Buffet,12.99,1,12.99,16.41,2.5,1.3,17.61
688,3-May,54-1,3,Soda,2.49,1,2.49,16.41,2.5,1.3,17.61
689,3-May,53-1,4,Lunch Buffet,12.99,3,38.97,56.66,0,1.3,55.36
690,3-May,53-1,4,Lunch KID (9-11),9.5,1,9.5,56.66,0,1.3,55.36
691,3-May,53-1,4,Soda,2.49,2,4.98,56.66,0,1.3,55.36
692,3-May,52-1,3,Lunch Buffet,12.99,1,12.99,16.41,4,0,20.41
693,3-May,52-1,3,Soda,2.49,1,2.49,16.41,4,0,20.41
694,3-May,50-1,8,Lunch Buffet,12.99,2,25.98,32.82,0,0,32.82
695,3-May,50-1,8,Soda,2.49,2,4.98,32.82,0,0,32.82
696,3-May,49-1,6,Lunch Buffet,12.99,1,12.99,16.41,3,0,19.41
697,3-May,49-1,6,Soda,2.49,1,2.49,16.41,3,0,19.41
698,3-May,49-2,6,Lunch Buffet,12.99,1,12.99,13.77,1.25,0,15.02
699,3-May,47-1,2,Lunch Buffet,12.99,2,25.98,27.54,5,0,32.54
700,3-May,44-1,3,Lunch Buffet,12.99,2,25.98,27.54,3,2.6,27.94
701,3-May,43-1,8,Lunch Buffet,12.99,2,25.98,30.18,5,0,35.18
702,3-May,43-1,8,Soda,2.49,1,2.49,30.18,5,0,35.18
703,3-May,42-1,4,Lunch Buffet,12.99,1,12.99,13.77,0,0,13.77
704,3-May,41-1,7,Lunch Buffet,12.99,1,12.99,13.77,2,1.3,14.47
705,3-May,40-1,2,Lunch Buffet,12.99,2,25.98,27.54,5,0,32.54
706,3-May,39-1,4,Lunch Buffet,12.99,1,12.99,13.77,0,0,13.77
707,3-May,36-1,8,Lunch Buffet,12.99,3,38.97,43.95,7,3,47.95
708,3-May,36-1,8,Soda,2.49,1,2.49,43.95,7,3,47.95
709,3-May,34-2,2,Lunch Buffet,12.99,2,25.98,27.54,3,0,30.54
710,3-May,34-3,2,Lunch Buffet,12.99,1,12.99,22.24,3,0,25.24
711,3-May,34-3,2,Lunch KID (3-5),5.5,1,5.5,22.24,3,0,25.24
712,3-May,34-3,2,Soda,2.49,1,2.49,22.24,3,0,25.24
713,3-May,33-1,6,Lunch Buffet,12.99,2,25.98,27.54,5,0,32.54
714,3-May,31-1,3,Lunch Buffet,12.99,2,25.98,32.82,0,0,32.82
715,3-May,31-1,3,Soda,2.49,2,4.98,32.82,0,0,32.82
716,3-May,30-1,4,Lunch Buffet,12.99,3,38.97,52.97,0,0,52.97
717,3-May,30-1,4,Lunch KID (3-5),5.5,2,11,52.97,0,0,52.97
718,3-May,29-1,2,Lunch Buffet,12.99,1,12.99,13.77,3,0,16.77
719,3-May,29-2,2,Lunch Buffet,12.99,1,12.99,13.77,2,0,15.77
720,3-May,27-1,7,Lunch Buffet,12.99,2,25.98,42.89,5,0,47.89
721,3-May,27-1,7,Lunch KID (9-11),9.5,1,9.5,42.89,5,0,47.89
722,3-May,27-1,7,Soda,2.49,2,4.98,42.89,5,0,47.89
723,3-May,26-1,3,Lunch Buffet,12.99,1,12.99,16.41,4,0,20.41
724,3-May,26-1,3,Soda,2.49,1,2.49,16.41,4,0,20.41
725,3-May,25-1,3,Lunch Buffet,12.99,1,12.99,13.77,0,0,13.77
726,3-May,24-1,6,Lunch Buffet,12.99,1,12.99,13.77,3,0,16.77
727,3-May,23-1,4,Lunch Buffet,12.99,1,12.99,13.77,2.23,0,16
728,3-May,22-1,8,Lunch Buffet,12.99,2,25.98,32.82,2.18,0,35
729,3-May,22-1,8,Soda,2.49,2,4.98,32.82,2.18,0,35
730,3-May,20-1,7,Lunch Buffet,12.99,1,12.99,13.77,2,1.3,14.47
731,3-May,18-1,8,Lunch Buffet,12.99,2,25.98,27.54,5,2.6,29.94
732,3-May,17-1,8,Lunch Buffet,12.99,1,12.99,16.41,0,1.3,15.11
733,3-May,17-1,8,Soda,2.49,1,2.49,16.41,0,1.3,15.11
734,3-May,17-2,8,Lunch Buffet,12.99,1,12.99,13.77,3,1.3,15.47
735,3-May,15-1,3,Lunch Buffet,12.99,2,25.98,27.54,0,2.6,24.94
736,3-May,14-1,2,Lunch Buffet,12.99,1,12.99,16.41,2,0,18.41
737,3-May,14-1,2,Soda,2.49,1,2.49,16.41,2,0,18.41
738,3-May,12-1,7,Lunch Buffet,12.99,2,25.98,38.65,7,0,45.65
739,3-May,12-1,7,Lunch KID (3-5),5.5,1,5.5,38.65,7,0,45.65
740,3-May,12-1,7,Soda,2.49,2,4.98,38.65,7,0,45.65
741,3-May,11-1,2,Lunch Buffet,12.99,1,12.99,13.77,5,1.3,17.47
742,3-May,9-1,8,Lunch Buffet,12.99,1,12.99,16.41,5,0,21.41
743,3-May,9-1,8,Soda,2.49,1,2.49,16.41,5,0,21.41
744,3-May,8-1,2,Lunch Buffet,12.99,1,12.99,16.41,2,0,18.41
745,3-May,8-1,2,Soda,2.49,1,2.49,16.41,2,0,18.41
746,3-May,7-1,6,Lunch Buffet,12.99,1,12.99,16.41,2,0,18.41
747,3-May,7-1,6,Soda,2.49,1,2.49,16.41,2,0,18.41
748,3-May,5-1,6,Lunch Buffet,12.99,2,25.98,32.82,0,0,32.82
749,3-May,5-1,6,Soda,2.49,2,4.98,32.82,0,0,32.82
750,3-May,4-1,6,Lunch Buffet,12.99,2,25.98,33.37,3,0,36.37
751,3-May,4-1,6,Lunch KID (3-5),5.5,1,5.5,33.37,3,0,36.37
,,,,,,,,,,,
,,,,,,,,,,,
,,,,,,,,,,,
,,,,,,,,,,,
,,,,,,,,,,,
,,,,,,,,,,,
,,,,,,,,,,,
,,,,,,,,,,,
,,,,,,,,,,,
,,,,,,,,,,,
,,,,,,,,,,,
,,,,,,,,,,,
,,,,,,,,,,,
,,,,,,,,,,,
,,,,,,,,,,,
,,,,,,,,,,,
,,,,,,,,,,,
,,,,,,,,,,,
,,,,,,,,,,,
,,,,,,,,,,,
,,,,,,,,,,,
,,,,,,,,,,,
,,,,,,,,,,,
,,,,,,,,,,,
,,,,,,,,,,,
,,,,,,,,,,,
,,,,,,,,,,,
,,,,,,,,,,,
,,,,,,,,,,,
,,,,,,,,,,,
,,,,,,,,,,,
,,,,,,,,,,,
,,,,,,,,,,,
,,,,,,,,,,,
,,,,,,,,,,,
,,,,,,,,,,,
